<?xml version="1.0"?>
<Schedule xmlns:xsi="http://www.w3.org/2001/XMLSchema-instance" xsi:noNamespaceSchemaLocation="scheduler-config.xsd">
  <!-- <ProcessSchedule process="ClaimException">
    <CronSchedule hours="2"/>
  </ProcessSchedule> -->
  <!-- <ProcessSchedule process="UserException">
    <CronSchedule hours="3"/>
  </ProcessSchedule> -->
  <!-- <ProcessSchedule process="GroupException">
    <CronSchedule hours="4"/>
  </ProcessSchedule> -->
  <!-- <ProcessSchedule process="ActivityEsc">
    <CronSchedule minutes="0,30"/>
  </ProcessSchedule> -->
  <!-- <ProcessSchedule process="FinancialsEsc">
    <CronSchedule minutes="15"/>
  </ProcessSchedule> -->
  <!-- <ProcessSchedule process="IdleClaim">
    <CronSchedule dayofmonth="?" dayofweek="SUN" hours="12"/>
  </ProcessSchedule> -->
  <!-- <ProcessSchedule process="Statistics">
    <CronSchedule minutes="3"/>
  </ProcessSchedule> -->
  <!--<ProcessSchedule process="ABGeocode">
     <CronSchedule minutes="0"/>        </ProcessSchedule>-->
    <!--<ProcessSchedule process="ABContactScoring">
       <CronSchedule minutes="0,30"/>
   </ProcessSchedule> -->
  
<!--<ProcessSchedule process="DuplicateContacts">
    <CronSchedule dayofmonth="?" dayofweek="SUN" hours="12"/>
    </ProcessSchedule> -->
</Schedule>