<?xml version="1.0" encoding="UTF-8"?>
<ContactRelationshipConfigFile
  xmlns:xsi="http://www.w3.org/2001/XMLSchema-instance"
  xsi:noNamespaceSchemaLocation="contact-relationship-config.xsd">

  <ContactRelationshipPair contactRelCode="guardian" >
    <Primary name="Guardian" cardinality="zeroorone" contactBidiRelCode="guardian" entity="ABPerson" />
    <Inverse name="Wards" cardinality="zeroormore" contactBidiRelCode="ward" entity="ABPerson"/>
  </ContactRelationshipPair>

  <ContactRelationshipPair contactRelCode="employer" >
    <Primary name="Employer" cardinality="zeroorone" contactBidiRelCode="employer" entity="ABCompany" />
    <Inverse name="Employees" cardinality="zeroormore" contactBidiRelCode="employee" entity="ABPerson" />
  </ContactRelationshipPair>

  <ContactRelationshipPair contactRelCode="primarycontact" >
    <Primary name="PrimaryContact" cardinality="zeroorone" contactBidiRelCode="primarycontact" entity="ABContact" />
    <Inverse name="PrimaryContactFor" cardinality="zeroormore" contactBidiRelCode="primarycontactfor" entity="ABContact" />
  </ContactRelationshipPair>

  <ContactRelationshipPair contactRelCode="collectionagency">
    <Primary name="CollectionAgency" cardinality="zeroorone" contactBidiRelCode="collectionagency" entity="ABCompany"/>
    <Inverse name="Case" cardinality="zeroormore" contactBidiRelCode="case" entity="ABContact"/>
  </ContactRelationshipPair>

  <ContactRelationshipPair contactRelCode="thirdpartyinsurer">
    <Primary name="Thirdpartyinsurer" cardinality="zeroorone" contactBidiRelCode="thirdpartyinsurer" entity="ABCompany"/>
    <Inverse name="Thirdpartyinsured" cardinality="zeroormore" contactBidiRelCode="thirdpartyinsured" entity="ABContact"/>
  </ContactRelationshipPair>  

</ContactRelationshipConfigFile>
