<?xml version="1.0"?>
<import>
  <SpecialistService public-id="svc:acc">
    <Active>true</Active>
    <Code>accomm</Code>
    <Description>Accommodation</Description>
    <Description_L10N_ARRAY/>
    <Name>Accommodation</Name>
    <Name_L10N_ARRAY/>
    <Parent/>
  </SpecialistService>
  <SpecialistService public-id="svc:acc_alt">
    <Active>true</Active>
    <Code>accommaltaccomm</Code>
    <Description>Accommodation - Alternative accommodation</Description>
    <Description_L10N_ARRAY/>
    <Name>Alternative accommodation</Name>
    <Name_L10N_ARRAY/>
    <Parent public-id="svc:acc"/>
  </SpecialistService>
  <SpecialistService public-id="svc:aut">
    <Active>true</Active>
    <Code>auto</Code>
    <Description>Auto</Description>
    <Description_L10N_ARRAY/>
    <Name>Auto</Name>
    <Name_L10N_ARRAY/>
    <Parent/>
  </SpecialistService>
  <SpecialistService public-id="svc:aut_adj">
    <Active>true</Active>
    <Code>autoadjudicate</Code>
    <Description>Auto - Adjudicate claim</Description>
    <Description_L10N_ARRAY/>
    <Name>Adjudicate claim</Name>
    <Name_L10N_ARRAY/>
    <Parent public-id="svc:aut"/>
  </SpecialistService>
  <SpecialistService public-id="svc:aut_app">
    <Active>true</Active>
    <Code>autoappraise</Code>
    <Description>Auto - Appraisal</Description>
    <Description_L10N_ARRAY/>
    <Name>Appraisal</Name>
    <Name_L10N_ARRAY/>
    <Parent public-id="svc:aut"/>
  </SpecialistService>
  <SpecialistService public-id="svc:aut_ins">
    <Active>true</Active>
    <Code>autoinsprepair</Code>
    <Description>Auto - Inspect / Repair</Description>
    <Description_L10N_ARRAY/>
    <Name>Inspect / Repair</Name>
    <Name_L10N_ARRAY/>
    <Parent public-id="svc:aut"/>
  </SpecialistService>
  <SpecialistService public-id="svc:aut_ins_aud">
    <Active>true</Active>
    <Code>autoinsprepairaudio</Code>
    <Description>Auto - Inspect / Repair - Audio equipment</Description>
    <Description_L10N_ARRAY/>
    <Name>Audio equipment</Name>
    <Name_L10N_ARRAY/>
    <Parent public-id="svc:aut_ins"/>
  </SpecialistService>
  <SpecialistService public-id="svc:aut_ins_bod">
    <Active>true</Active>
    <Code>autoinsprepairbody</Code>
    <Description>Auto - Inspect / Repair - Auto body</Description>
    <Description_L10N_ARRAY/>
    <Name>Auto body</Name>
    <Name_L10N_ARRAY/>
    <Parent public-id="svc:aut_ins"/>
  </SpecialistService>
  <SpecialistService public-id="svc:aut_ins_gla">
    <Active>true</Active>
    <Code>autoinsprepairglass</Code>
    <Description>Auto - Inspect / Repair - Glass</Description>
    <Description_L10N_ARRAY/>
    <Name>Glass</Name>
    <Name_L10N_ARRAY/>
    <Parent public-id="svc:aut_ins"/>
  </SpecialistService>
  <SpecialistService public-id="svc:aut_oth">
    <Active>true</Active>
    <Code>autoother</Code>
    <Description>Auto - Other</Description>
    <Description_L10N_ARRAY/>
    <Name>Other</Name>
    <Name_L10N_ARRAY/>
    <Parent public-id="svc:aut"/>
  </SpecialistService>
  <SpecialistService public-id="svc:aut_oth_cou">
    <Active>true</Active>
    <Code>autoothercourtesycar</Code>
    <Description>Auto - Other - Provide courtesy car</Description>
    <Description_L10N_ARRAY/>
    <Name>Provide courtesy car</Name>
    <Name_L10N_ARRAY/>
    <Parent public-id="svc:aut_oth"/>
  </SpecialistService>
  <SpecialistService public-id="svc:aut_oth_ren">
    <Active>true</Active>
    <Code>autootherrental</Code>
    <Description>Auto - Other - Car rental</Description>
    <Description_L10N_ARRAY/>
    <Name>Car rental</Name>
    <Name_L10N_ARRAY/>
    <Parent public-id="svc:aut_oth"/>
  </SpecialistService>
  <SpecialistService public-id="svc:aut_oth_roa">
    <Active>true</Active>
    <Code>autootherroadassist</Code>
    <Description>Auto - Other - Roadside assistance</Description>
    <Description_L10N_ARRAY/>
    <Name>Roadside assistance</Name>
    <Name_L10N_ARRAY/>
    <Parent public-id="svc:aut_oth"/>
  </SpecialistService>
  <SpecialistService public-id="svc:aut_oth_sal">
    <Active>true</Active>
    <Code>autoothersalvage</Code>
    <Description>Auto - Other - Salvage</Description>
    <Description_L10N_ARRAY/>
    <Name>Salvage</Name>
    <Name_L10N_ARRAY/>
    <Parent public-id="svc:aut_oth"/>
  </SpecialistService>
  <SpecialistService public-id="svc:aut_oth_tow">
    <Active>true</Active>
    <Code>autoothertowing</Code>
    <Description>Auto - Other - Towing</Description>
    <Description_L10N_ARRAY/>
    <Name>Towing</Name>
    <Name_L10N_ARRAY/>
    <Parent public-id="svc:aut_oth"/>
  </SpecialistService>
  <SpecialistService public-id="svc:con">
    <Active>true</Active>
    <Code>cont</Code>
    <Description>Contents</Description>
    <Description_L10N_ARRAY/>
    <Name>Contents</Name>
    <Name_L10N_ARRAY/>
    <Parent/>
  </SpecialistService>
  <SpecialistService public-id="svc:con_ins">
    <Active>true</Active>
    <Code>continspect</Code>
    <Description>Content - Inspection</Description>
    <Description_L10N_ARRAY/>
    <Name>Inspection</Name>
    <Name_L10N_ARRAY/>
    <Parent public-id="svc:con"/>
  </SpecialistService>
  <SpecialistService public-id="svc:con_ins_ind">
    <Active>true</Active>
    <Code>continspectindependent</Code>
    <Description>Contents - Inspection - Appraisal</Description>
    <Description_L10N_ARRAY/>
    <Name>Appraisal</Name>
    <Name_L10N_ARRAY/>
    <Parent public-id="svc:con_ins"/>
  </SpecialistService>
  <SpecialistService public-id="svc:con_rep">
    <Active>true</Active>
    <Code>contrepair</Code>
    <Description>Content - Repair</Description>
    <Description_L10N_ARRAY/>
    <Name>Repair</Name>
    <Name_L10N_ARRAY/>
    <Parent public-id="svc:con"/>
  </SpecialistService>
  <SpecialistService public-id="svc:con_rep_com">
    <Active>true</Active>
    <Code>contrepaircomputer</Code>
    <Description>Contents - Repair - Computer equipment</Description>
    <Description_L10N_ARRAY/>
    <Name>Computer equipment</Name>
    <Name_L10N_ARRAY/>
    <Parent public-id="svc:con_rep"/>
  </SpecialistService>
  <SpecialistService public-id="svc:con_rep_ele">
    <Active>true</Active>
    <Code>contrepairelectronics</Code>
    <Description>Contents - Repair - Electronics</Description>
    <Description_L10N_ARRAY/>
    <Name>Electronics</Name>
    <Name_L10N_ARRAY/>
    <Parent public-id="svc:con_rep"/>
  </SpecialistService>
  <SpecialistService public-id="svc:con_rep_fur">
    <Active>true</Active>
    <Code>contrepairfurniture</Code>
    <Description>Contents - Repair - Furniture</Description>
    <Description_L10N_ARRAY/>
    <Name>Furniture</Name>
    <Name_L10N_ARRAY/>
    <Parent public-id="svc:con_rep"/>
  </SpecialistService>
  <SpecialistService public-id="svc:con_rep_gar">
    <Active>true</Active>
    <Code>contrepairgarden</Code>
    <Description>Contents - Repair - Garden</Description>
    <Description_L10N_ARRAY/>
    <Name>Garden</Name>
    <Name_L10N_ARRAY/>
    <Parent public-id="svc:con_rep"/>
  </SpecialistService>
  <SpecialistService public-id="svc:con_rep_kit">
    <Active>true</Active>
    <Code>contrepairkitchen</Code>
    <Description>Contents - Repair - Kitchen appliances</Description>
    <Description_L10N_ARRAY/>
    <Name>Kitchen appliances</Name>
    <Name_L10N_ARRAY/>
    <Parent public-id="svc:con_rep"/>
  </SpecialistService>
  <SpecialistService public-id="svc:con_rpl">
    <Active>true</Active>
    <Code>contrplc</Code>
    <Description>Content - Replacement</Description>
    <Description_L10N_ARRAY/>
    <Name>Replacement</Name>
    <Name_L10N_ARRAY/>
    <Parent public-id="svc:con"/>
  </SpecialistService>
  <SpecialistService public-id="svc:con_rpl_aud">
    <Active>true</Active>
    <Code>contrplcaudio</Code>
    <Description>Contents - Replacement - Audio equipment</Description>
    <Description_L10N_ARRAY/>
    <Name>Audio equipment</Name>
    <Name_L10N_ARRAY/>
    <Parent public-id="svc:con_rpl"/>
  </SpecialistService>
  <SpecialistService public-id="svc:con_rpl_com">
    <Active>true</Active>
    <Code>contrplccomputer</Code>
    <Description>Contents - Replacement - Computer equipment</Description>
    <Description_L10N_ARRAY/>
    <Name>Computer equipment</Name>
    <Name_L10N_ARRAY/>
    <Parent public-id="svc:con_rpl"/>
  </SpecialistService>
  <SpecialistService public-id="svc:con_rpl_ele">
    <Active>true</Active>
    <Code>contrplcelectronics</Code>
    <Description>Contents - Replacement - Electronics</Description>
    <Description_L10N_ARRAY/>
    <Name>Electronics</Name>
    <Name_L10N_ARRAY/>
    <Parent public-id="svc:con_rpl"/>
  </SpecialistService>
  <SpecialistService public-id="svc:con_rpl_fur">
    <Active>true</Active>
    <Code>contrplcfurniture</Code>
    <Description>Contents - Replacement - Furniture</Description>
    <Description_L10N_ARRAY/>
    <Name>Furniture</Name>
    <Name_L10N_ARRAY/>
    <Parent public-id="svc:con_rpl"/>
  </SpecialistService>
  <SpecialistService public-id="svc:con_rpl_gar">
    <Active>true</Active>
    <Code>contrplcgarden</Code>
    <Description>Contents - Replacement - Garden</Description>
    <Description_L10N_ARRAY/>
    <Name>Garden</Name>
    <Name_L10N_ARRAY/>
    <Parent public-id="svc:con_rpl"/>
  </SpecialistService>
  <SpecialistService public-id="svc:con_rpl_kit">
    <Active>true</Active>
    <Code>contrplckitchen</Code>
    <Description>Contents - Replacement - Kitchen appliances</Description>
    <Description_L10N_ARRAY/>
    <Name>Kitchen appliances</Name>
    <Name_L10N_ARRAY/>
    <Parent public-id="svc:con_rpl"/>
  </SpecialistService>
  <SpecialistService public-id="svc:hom">
    <Active>true</Active>
    <Code>homeserv</Code>
    <Description>Home services</Description>
    <Description_L10N_ARRAY/>
    <Name>Home services</Name>
    <Name_L10N_ARRAY/>
    <Parent/>
  </SpecialistService>
  <SpecialistService public-id="svc:hom_eme">
    <Active>true</Active>
    <Code>homeservemerg</Code>
    <Description>Home services - Emergency services</Description>
    <Description_L10N_ARRAY/>
    <Name>Emergency services</Name>
    <Name_L10N_ARRAY/>
    <Parent public-id="svc:hom"/>
  </SpecialistService>
  <SpecialistService public-id="svc:hom_eme_cle">
    <Active>true</Active>
    <Code>homeservemergcleaning</Code>
    <Description>Home services - Emergency services - Cleaning</Description>
    <Description_L10N_ARRAY/>
    <Name>Cleaning</Name>
    <Name_L10N_ARRAY/>
    <Parent public-id="svc:hom_eme"/>
  </SpecialistService>
  <SpecialistService public-id="svc:hom_eme_mak">
    <Active>true</Active>
    <Code>homeservemergmakesafe</Code>
    <Description>Home services - Emergency services - Make safe</Description>
    <Description_L10N_ARRAY/>
    <Name>Make safe</Name>
    <Name_L10N_ARRAY/>
    <Parent public-id="svc:hom_eme"/>
  </SpecialistService>
  <SpecialistService public-id="svc:med">
    <Active>true</Active>
    <Code>medical</Code>
    <Description>Medical</Description>
    <Description_L10N_ARRAY/>
    <Name>Medical</Name>
    <Name_L10N_ARRAY/>
    <Parent/>
  </SpecialistService>
  <SpecialistService public-id="svc:med_ass">
    <Active>true</Active>
    <Code>medicalassess</Code>
    <Description>Medical - Medical assessment</Description>
    <Description_L10N_ARRAY/>
    <Name>Medical assessment</Name>
    <Name_L10N_ARRAY/>
    <Parent public-id="svc:med"/>
  </SpecialistService>
  <SpecialistService public-id="svc:pro">
    <Active>true</Active>
    <Code>prop</Code>
    <Description>Property</Description>
    <Description_L10N_ARRAY/>
    <Name>Property</Name>
    <Name_L10N_ARRAY/>
    <Parent/>
  </SpecialistService>
  <SpecialistService public-id="svc:pro_con">
    <Active>true</Active>
    <Code>propconstrserv</Code>
    <Description>Property - Construction services</Description>
    <Description_L10N_ARRAY/>
    <Name>Construction services</Name>
    <Name_L10N_ARRAY/>
    <Parent public-id="svc:pro"/>
  </SpecialistService>
  <SpecialistService public-id="svc:pro_con_arb">
    <Active>true</Active>
    <Code>propconstrservarborist</Code>
    <Description>Property - Construction services - Arborist</Description>
    <Description_L10N_ARRAY/>
    <Name>Arborist</Name>
    <Name_L10N_ARRAY/>
    <Parent public-id="svc:pro_con"/>
  </SpecialistService>
  <SpecialistService public-id="svc:pro_con_boi">
    <Active>true</Active>
    <Code>propconstrservboilers</Code>
    <Description>Property - Construction services - Boilers</Description>
    <Description_L10N_ARRAY/>
    <Name>Boilers</Name>
    <Name_L10N_ARRAY/>
    <Parent public-id="svc:pro_con"/>
  </SpecialistService>
  <SpecialistService public-id="svc:pro_con_car">
    <Active>true</Active>
    <Code>propconstrservcarpentry</Code>
    <Description>Property - Construction services - Carpentry</Description>
    <Description_L10N_ARRAY/>
    <Name>Carpentry</Name>
    <Name_L10N_ARRAY/>
    <Parent public-id="svc:pro_con"/>
  </SpecialistService>
  <SpecialistService public-id="svc:pro_con_dry">
    <Active>true</Active>
    <Code>propconstrservdrying</Code>
    <Description>Property - Construction services - Drying</Description>
    <Description_L10N_ARRAY/>
    <Name>Drying</Name>
    <Name_L10N_ARRAY/>
    <Parent public-id="svc:pro_con"/>
  </SpecialistService>
  <SpecialistService public-id="svc:pro_con_ele">
    <Active>true</Active>
    <Code>propconstrservelectrical</Code>
    <Description>Property - Construction services - Electrical</Description>
    <Description_L10N_ARRAY/>
    <Name>Electrical</Name>
    <Name_L10N_ARRAY/>
    <Parent public-id="svc:pro_con"/>
  </SpecialistService>
  <SpecialistService public-id="svc:pro_con_fen">
    <Active>true</Active>
    <Code>propconstrservfencing</Code>
    <Description>Property - Construction services - Fencing</Description>
    <Description_L10N_ARRAY/>
    <Name>Fencing</Name>
    <Name_L10N_ARRAY/>
    <Parent public-id="svc:pro_con"/>
  </SpecialistService>
  <SpecialistService public-id="svc:pro_con_flo">
    <Active>true</Active>
    <Code>propconstrservflooring</Code>
    <Description>Property - Construction services - Flooring</Description>
    <Description_L10N_ARRAY/>
    <Name>Flooring</Name>
    <Name_L10N_ARRAY/>
    <Parent public-id="svc:pro_con"/>
  </SpecialistService>
  <SpecialistService public-id="svc:pro_con_gen">
    <Active>true</Active>
    <Code>propconstrservgencontractor</Code>
    <Description>Property - Construction services - General contractor</Description>
    <Description_L10N_ARRAY/>
    <Name>General contractor</Name>
    <Name_L10N_ARRAY/>
    <Parent public-id="svc:pro_con"/>
  </SpecialistService>
  <SpecialistService public-id="svc:pro_con_loc">
    <Active>true</Active>
    <Code>propconstrservlocksmith</Code>
    <Description>Property - Construction services - Locksmith</Description>
    <Description_L10N_ARRAY/>
    <Name>Locksmith</Name>
    <Name_L10N_ARRAY/>
    <Parent public-id="svc:pro_con"/>
  </SpecialistService>
  <SpecialistService public-id="svc:pro_con_pai">
    <Active>true</Active>
    <Code>propconstrservpainting</Code>
    <Description>Property - Construction services - Painting</Description>
    <Description_L10N_ARRAY/>
    <Name>Painting</Name>
    <Name_L10N_ARRAY/>
    <Parent public-id="svc:pro_con"/>
  </SpecialistService>
  <SpecialistService public-id="svc:pro_con_pla">
    <Active>true</Active>
    <Code>propconstrservplaster</Code>
    <Description>Property - Construction services - Plaster</Description>
    <Description_L10N_ARRAY/>
    <Name>Plaster</Name>
    <Name_L10N_ARRAY/>
    <Parent public-id="svc:pro_con"/>
  </SpecialistService>
  <SpecialistService public-id="svc:pro_con_plu">
    <Active>true</Active>
    <Code>propconstrservplumber</Code>
    <Description>Property - Construction services - Plumber</Description>
    <Description_L10N_ARRAY/>
    <Name>Plumber</Name>
    <Name_L10N_ARRAY/>
    <Parent public-id="svc:pro_con"/>
  </SpecialistService>
  <SpecialistService public-id="svc:pro_con_roo">
    <Active>true</Active>
    <Code>propconstrservroofing</Code>
    <Description>Property - Construction services - Roofing</Description>
    <Description_L10N_ARRAY/>
    <Name>Roofing</Name>
    <Name_L10N_ARRAY/>
    <Parent public-id="svc:pro_con"/>
  </SpecialistService>
  <SpecialistService public-id="svc:pro_con_wal">
    <Active>true</Active>
    <Code>propconstrservwall</Code>
    <Description>Property - Construction services - Walls</Description>
    <Description_L10N_ARRAY/>
    <Name>Walls</Name>
    <Name_L10N_ARRAY/>
    <Parent public-id="svc:pro_con"/>
  </SpecialistService>
  <SpecialistService public-id="svc:pro_con_win">
    <Active>true</Active>
    <Code>propconstrservwindows</Code>
    <Description>Property - Construction services - Windows</Description>
    <Description_L10N_ARRAY/>
    <Name>Windows</Name>
    <Name_L10N_ARRAY/>
    <Parent public-id="svc:pro_con"/>
  </SpecialistService>
  <SpecialistService public-id="svc:pro_eme">
    <Active>true</Active>
    <Code>propemerg</Code>
    <Description>Property - Emergency services</Description>
    <Description_L10N_ARRAY/>
    <Name>Emergency services</Name>
    <Name_L10N_ARRAY/>
    <Parent public-id="svc:pro"/>
  </SpecialistService>
  <SpecialistService public-id="svc:pro_eme_deb">
    <Active>true</Active>
    <Code>propemergdebrisremoval</Code>
    <Description>Property - Emergency services - Debris removal</Description>
    <Description_L10N_ARRAY/>
    <Name>Debris removal</Name>
    <Name_L10N_ARRAY/>
    <Parent public-id="svc:pro_eme"/>
  </SpecialistService>
  <SpecialistService public-id="svc:pro_eme_mak">
    <Active>true</Active>
    <Code>propemergmakesafe</Code>
    <Description>Property - Emergency services - Make safe</Description>
    <Description_L10N_ARRAY/>
    <Name>Make safe</Name>
    <Name_L10N_ARRAY/>
    <Parent public-id="svc:pro_eme"/>
  </SpecialistService>
  <SpecialistService public-id="svc:pro_ins">
    <Active>true</Active>
    <Code>propinspect</Code>
    <Description>Property - Inspection</Description>
    <Description_L10N_ARRAY/>
    <Name>Inspection</Name>
    <Name_L10N_ARRAY/>
    <Parent public-id="svc:pro"/>
  </SpecialistService>
  <SpecialistService public-id="svc:pro_ins_adj">
    <Active>true</Active>
    <Code>propinspectadjudicate</Code>
    <Description>Property - Inspection - Adjudicate claim</Description>
    <Description_L10N_ARRAY/>
    <Name>Adjudicate claim</Name>
    <Name_L10N_ARRAY/>
    <Parent public-id="svc:pro_ins"/>
  </SpecialistService>
  <SpecialistService public-id="svc:pro_ins_app">
    <Active>true</Active>
    <Code>propinspectappraisal</Code>
    <Description>Property - Inspection - Appraisal</Description>
    <Description_L10N_ARRAY/>
    <Name>Appraisal</Name>
    <Name_L10N_ARRAY/>
    <Parent public-id="svc:pro_ins"/>
  </SpecialistService>
  <SpecialistService public-id="svc:pro_ins_ind">
    <Active>true</Active>
    <Code>propinspectindependent</Code>
    <Description>Property - Inspection - Independent appraisal</Description>
    <Description_L10N_ARRAY/>
    <Name>Independent appraisal</Name>
    <Name_L10N_ARRAY/>
    <Parent public-id="svc:pro_ins"/>
  </SpecialistService>
</import>